[
	{
		"id": 1,
		"title": "Dr",
		"firstname": "Jeff",
		"lastname": "Jefferson",
		"image": "https://st3.depositphotos.com/6672868/13701/v/600/depositphotos_137014128-stock-illustration-user-profile-icon.jpg",
		"specialty": "Endocrinology",
		"subspecialties": [
			"subspecialty1",
			"subspecialty2"
		]
	},
	{
		"id": 2,
		"title": "Dr",
		"firstname": "Bill",
		"lastname": "Johnson",
		"image": "https://st3.depositphotos.com/6672868/13701/v/600/depositphotos_137014128-stock-illustration-user-profile-icon.jpg",
		"specialty": "ENT",
		"subspecialties": [
			"subspecialty1",
			"subspecialty2"
		]
	},
	{
		"id": 3,
		"title": "Dr",
		"firstname": "Davey",
		"lastname": "Daver",
		"image": "https://st3.depositphotos.com/6672868/13701/v/600/depositphotos_137014128-stock-illustration-user-profile-icon.jpg",
		"specialty": "Heart Health",
		"subspecialties": [
			"subspecialty1",
			"subspecialty2"
		]
	},
	{
		"id": 4,
		"title": "Dr",
		"firstname": "Jackson",
		"lastname": "Stevenson",
		"image": "https://st3.depositphotos.com/6672868/13701/v/600/depositphotos_137014128-stock-illustration-user-profile-icon.jpg",
		"specialty": "Cardiology",
		"subspecialties": [
			"subspecialty1",
			"subspecialty2"
		]
	},
	{
		"id": 5,
		"title": "Dr",
		"firstname": "Dwayne",
		"lastname": "Johnson",
		"image": "https://st3.depositphotos.com/6672868/13701/v/600/depositphotos_137014128-stock-illustration-user-profile-icon.jpg",
		"specialty": "Lung Health",
		"subspecialties": [
			"subspecialty1",
			"subspecialty2"
		]
	}
]